{
  "ga_config": {
    "mutation_rate": 0,
    "population_size": 2,
    "iteration_limit": 2,
    "elements_created": 6,
    "crossover_type": 0,
    "max_possible_score": Infinity,
    "iteration_counter": 2,
    "stop_criteria_type": 0,
    "probs_type": 0,
    "crossover_rate": 0.5,
    "cut_half_population": true,
    "replicate_best": 0.1
  },
  "historic": [
    {
      "geracao": 0,
      "max": 1.0,
      "min": 1.0,
      "avg": 1.0,
      "best": 1.0,
      "best_genome": [
        [
          [
            -0.04060397900148064,
            -0.09301916738145956,
            0.19432750442959926,
            -0.236053510948038,
            0.40886883949654507,
            0.4681821418771063
          ],
          [
            -0.613310586437287,
            -0.7525360417019801,
            0.19214713942433775,
            0.41148792700879494,
            0.062248743035960376,
            0.1527100880304243
          ],
          [
            -0.27408744942652474,
            0.5048674273924343,
            -0.2725994036115971,
            0.15072294505555978,
            -0.21810770488617598,
            -0.2950973586797759
          ],
          [
            0.2817431521251538,
            0.19946487178208802,
            -0.35570817706435826,
            0.6094194147950417,
            -0.14699906323189857,
            -0.02776239166715236
          ],
          [
            -0.24519640634081075,
            -0.09230118384535291,
            -0.2498308752209332,
            0.2296911720581997,
            0.3974150522347037,
            -0.3013980903680449
          ],
          [
            -0.434017993948506,
            -0.002949597063072573,
            0.02003544478921089,
            -0.18146319935048094,
            -0.07678779268513977,
            0.5844692572085036
          ]
        ],
        [
          0.005937320883889813,
          -0.0019830626682955967,
          -0.0027841545133308367,
          -0.00998338987470587,
          0.006824379145506548,
          0.004728948986094246
        ],
        [
          [
            -0.047593106458578664,
            -0.3346735315894931,
            0.06154646075559543,
            0.5007212367000994,
            0.6331349801609191,
            0.051503534430075174
          ],
          [
            -0.5628476640930575,
            -0.1605091759810765,
            0.6120418271732305,
            -0.3171092061627557,
            -0.6201411721056157,
            -0.42721731944659824
          ],
          [
            -0.6606507446437726,
            0.523728643414937,
            0.09937325329646587,
            -0.08724427546832361,
            0.35957617105010625,
            0.07458420040137057
          ],
          [
            0.3687102351728334,
            -0.6846251667460287,
            0.291884537927476,
            0.28988242186819835,
            -0.31484498468827393,
            -0.5564946601143015
          ],
          [
            0.25713712703689257,
            -0.020720252084246236,
            -0.08657779044905507,
            -0.6885212999213521,
            -0.5004727677745551,
            0.4175948239740298
          ],
          [
            -0.6078689083584958,
            -0.26247812491023287,
            -0.4260558920348579,
            0.5404569937709418,
            -0.7254979235640057,
            0.32702094783456787
          ]
        ],
        [
          -0.0011006056984289875,
          -0.0034528349272258787,
          -0.002506052013355531,
          -0.0008587671444933147,
          -0.005869712784199106,
          -0.007967949335243054
        ],
        [
          [
            -0.9069028577632374
          ],
          [
            -0.10392636988661852
          ],
          [
            -0.7680238074909473
          ],
          [
            0.12177986088338047
          ],
          [
            -0.3983918925238347
          ],
          [
            0.5442601814897544
          ]
        ],
        [
          -0.0006062163551108519
        ]
      ]
    },
    {
      "geracao": 1,
      "max": 1.0,
      "min": 1.0,
      "avg": 1.0,
      "best": 1.0,
      "best_genome": [
        [
          [
            -0.04060397900148064,
            -0.09301916738145956,
            0.19432750442959926,
            -0.236053510948038,
            0.40886883949654507,
            0.4681821418771063
          ],
          [
            -0.613310586437287,
            -0.7525360417019801,
            0.19214713942433775,
            0.41148792700879494,
            0.062248743035960376,
            0.1527100880304243
          ],
          [
            -0.27408744942652474,
            0.5048674273924343,
            -0.2725994036115971,
            0.15072294505555978,
            -0.21810770488617598,
            -0.2950973586797759
          ],
          [
            0.2817431521251538,
            0.19946487178208802,
            -0.35570817706435826,
            0.6094194147950417,
            -0.14699906323189857,
            -0.02776239166715236
          ],
          [
            -0.24519640634081075,
            -0.09230118384535291,
            -0.2498308752209332,
            0.2296911720581997,
            0.3974150522347037,
            -0.3013980903680449
          ],
          [
            -0.434017993948506,
            -0.002949597063072573,
            0.02003544478921089,
            -0.18146319935048094,
            -0.07678779268513977,
            0.5844692572085036
          ]
        ],
        [
          0.005937320883889813,
          -0.0019830626682955967,
          -0.0027841545133308367,
          -0.00998338987470587,
          0.006824379145506548,
          0.004728948986094246
        ],
        [
          [
            -0.047593106458578664,
            -0.3346735315894931,
            0.06154646075559543,
            0.5007212367000994,
            0.6331349801609191,
            0.051503534430075174
          ],
          [
            -0.5628476640930575,
            -0.1605091759810765,
            0.6120418271732305,
            -0.3171092061627557,
            -0.6201411721056157,
            -0.42721731944659824
          ],
          [
            -0.6606507446437726,
            0.523728643414937,
            0.09937325329646587,
            -0.08724427546832361,
            0.35957617105010625,
            0.07458420040137057
          ],
          [
            0.3687102351728334,
            -0.6846251667460287,
            0.291884537927476,
            0.28988242186819835,
            -0.31484498468827393,
            -0.5564946601143015
          ],
          [
            0.25713712703689257,
            -0.020720252084246236,
            -0.08657779044905507,
            -0.6885212999213521,
            -0.5004727677745551,
            0.4175948239740298
          ],
          [
            -0.6078689083584958,
            -0.26247812491023287,
            -0.4260558920348579,
            0.5404569937709418,
            -0.7254979235640057,
            0.32702094783456787
          ]
        ],
        [
          -0.0011006056984289875,
          -0.0034528349272258787,
          -0.002506052013355531,
          -0.0008587671444933147,
          -0.005869712784199106,
          -0.007967949335243054
        ],
        [
          [
            -0.9069028577632374
          ],
          [
            -0.10392636988661852
          ],
          [
            -0.7680238074909473
          ],
          [
            0.12177986088338047
          ],
          [
            -0.3983918925238347
          ],
          [
            0.5442601814897544
          ]
        ],
        [
          -0.0006062163551108519
        ]
      ]
    }
  ]
}